video_name      ,input_size ,output_codec ,output_size ,ssim               ,psnr               ,ms_ssim                 ,psnr_hvs           ,psnr_hvs_m
Assault009_x264 ,  30447821 ,mjpg         ,   57858591 ,0.8669457219491362 ,24.916941048383244 ,(0.920272053419+0j)     ,22.80877882612182  ,24.002753203377075
Assault009_x264 ,  30447821 ,mp4v         ,   15900764 ,0.8641832040475486 ,24.737250413857105 ,(0.9200193560055226+0j) ,22.53703479065543  ,23.55585035881114
Assault036_x264 ,   5421191 ,mjpg         ,    5917056 ,0.931856867449215  ,28.651205798967116 ,(0.9364433857119132+0j) ,24.70074629807845  ,25.05157367253224
Assault036_x264 ,   5421191 ,mp4v         ,     757016 ,0.9256387958378571 ,27.9452802471068   ,(0.9340669398576172+0j) ,24.26960530958735  ,24.598062939881352
Assault036_x264 ,   5421191 ,avc1         ,     204791 ,0.9302651597413708 ,28.095114861398244 ,(0.9355989053889909+0j) ,24.380341587055067 ,24.715089200322
Assault036_x264 ,   5421191 ,vp09         ,    2502065 ,0.935205502928653  ,28.06915151851479  ,(0.9365575431920107+0j) ,24.304636382593973 ,24.60923903696669
